{
  "project_info": {
    "project_number": "50334298646",
    "project_id": "field-area-measure-22db0",
    "storage_bucket": "field-area-measure-22db0.firebasestorage.app"
  },
  "client": [
    {
      "client_info": {
        "mobilesdk_app_id": "1:50334298646:android:d1762d30fcf668c43bbb37",
        "android_client_info": {
          "package_name": "gps.landareacalculator.landmeasurement.field.areameasure"
        }
      },
      "oauth_client": [],
      "api_key": [
        {
          "current_key": "AIzaSyBASPkP4OdbfnFn1HG0Qeiz0Cx-YwFoyPc"
        }
      ],
      "services": {
        "appinvite_service": {
          "other_platform_oauth_client": []
        }
      }
    }
  ],
  "configuration_version": "1"
}